age,salary,department,age_binned,salary_binned
-1.2419713836667197,-1.207019698150837,2,Young,Low
-0.30108397179799284,-0.2785430072655778,1,Middle,Low
0.639803440070734,0.6499336836196815,0,Senior,High
-0.6774389365454836,-0.7427813527082074,2,Young,Low
1.5806908519394607,1.5784103745049407,0,Senior,High
